de,ie,te
1.1144524557308297,1.1108151739327925,1.2379506984524695
1.0671257903581641,1.5520530069573493,1.6562357917271264
1.133965937184849,1.1855924112234633,1.3444214097122595
1.1057608633023104,1.8520532591541758,2.047928010724179
1.0922085884748243,1.6064495670206285,1.7545780140515934
1.1871073630570161,1.6211891599092436,1.9245255886364814
1.0952948209129347,1.2452249253138883,1.3638884115679977
1.0486290918488839,1.2326112834208593,1.292552050736303
0.9936100763484298,1.8169442969930085,1.8053341616560672
0.9311554527735717,1.1409358638235945,1.0623886508642653
1.1996234931631828,1.4506143599536168,1.7401910657202322
1.145329226753883,1.1335191691430788,1.2982526335053464
1.1301929429272464,1.4683189963259025,1.659483767613552
1.0476116178439867,1.2729206804072666,1.3335264933885247
1.1927865193168348,1.599762331365982,1.9081749429642145
1.042975197228749,1.2793419492081894,1.3343219217984237
1.126170648723711,1.5683808014833427,1.7662644246523098
1.0648065871238876,1.4649818042920406,1.559922275226803
1.251775238525064,1.0557698308946721,1.3215865318957447
1.0921475268199554,1.35714160366108,1.4821988459829167
1.2604863022512782,1.2303161529613262,1.5507966582462398
1.0309354338686374,1.595172327451044,1.6445196754959863
1.0131216561212038,1.3964189335044905,1.4147422625510746
0.9885578681099064,1.7247426926350533,1.7050079592694478
1.023679781117419,1.5978941685025103,1.63573195266145
1.072853676134879,1.520252651570001,1.6310086458906732
1.1802422905803323,1.2612493684373265,1.4885798435974673
1.0382417414221528,1.5439932654292354,1.6030382566433252
1.0992003892645454,1.410262428084982,1.5501610099161753
1.2274388277918162,1.357335021174739,1.6660457073115016
1.1331289243647689,1.6207395423784117,1.836506854330697
1.0825420362313325,1.1660527549157056,1.262301123659603
1.202421811994018,1.4713300809594907,1.7691593819886158
1.1441444287449516,1.365809382458943,1.5626831956679823
1.1308615580611705,1.3704399760459005,1.5497778865405802
1.0586795863420089,1.1229023907393532,1.1887938385303913
1.1200945468403267,1.3190057763514023,1.4774111773420973
1.159348085811851,1.3997696781163902,1.6228202969017078
1.227595129137513,1.4611117053198315,1.7936536125764302
1.1756699112240843,1.1779835968656154,1.3849198707504256
1.1671366407627943,1.3337311216775445,1.5566464610355228
1.197882746637124,1.3726276891121836,1.6442470263438709
1.1258390184705893,1.1102044352002718,1.249911471627569
1.0282679838779243,1.4621972748788543,1.5035306438714746
1.095307037592823,1.6256634474703051,1.7806006147716358
1.1153557760920383,1.2764695413122205,1.4237176759081398
1.1500272448058113,1.4974173910778437,1.7220707965855586
1.1238522943636264,1.3544572510449833,1.5222098892043547
1.1382038038143034,1.298886319728708,1.4783973498375769
1.0689295930506264,1.3636391699584098,1.457634263011537
1.040806618312855,1.2096825158022857,1.2590455685043638
1.122080154026491,1.5682789185764734,1.7597346505127882
1.1513201233580557,1.479547486937549,1.70343279517504
1.2187221323868702,1.5478215542546487,1.8863643851555854
1.2673513527308047,1.0965850293844972,1.3897585203747918
0.99975924638341,1.115156208925056,1.1148877310346945
1.0176424206555315,1.2513433280648802,1.2734200534430935
1.1393413137223174,1.3804582034041801,1.5728130630052686
1.0155288681544934,1.3366880073783836,1.357445259208655
1.171320268102826,1.2272551417791668,1.4375088216993457
1.1766821103593634,1.5105460510546724,1.7774325151500143
0.9823245858817583,1.4864374921700132,1.4601640939350278
1.2473788216275055,1.672669057029955,2.086451957330816
1.222594841690927,0.9655173882728604,1.180436578465295
1.1098415101628434,1.170509748957942,1.2990803074438129
1.1185525193446566,1.203234877201639,1.3458814032572517
1.0916874692416254,1.5454225532484873,1.6871184360647722
1.0967473469820197,1.5551381311901546,1.705593619573378
1.272441991511069,1.2088048912263742,1.5381341031404088
1.1028069211931595,1.4107587811621365,1.55579454799963
1.0215283368066612,1.6220044203976667,1.6569234778618809
1.125730505964804,1.2545957465835065,1.4123367045827417
1.0404103802324507,1.4274552254700679,1.485139233896112
1.189212494937873,1.2821503986260725,1.5247492744357
0.9735184119632844,1.1565956069698344,1.1259671185809843
1.2886799376738725,1.2784520580056313,1.6475155184297308
1.1109928856697542,1.2784329982378673,1.4203299658477238
1.1509664145431882,1.5696018278020587,1.8065589880057702
1.0838033166163403,1.101356795631205,1.1936541478830447
1.05954533139318,1.4875754448758634,1.5761536177133537
1.0039980789430516,1.0445488544237103,1.0487250432035704
1.243686777956694,1.136500009401578,1.4134500348404009
1.1038640307267908,1.1567577103425302,1.2769032287129989
1.103156627778126,1.5819826772276933,1.7451746754139137
1.085797583909537,1.4094903072225355,1.53042117012614
1.222606403404406,1.2622476850022866,1.543232102366183
1.0997190601892293,1.6143551385174382,1.7753371157420499
1.1538335436181695,1.3120768860220606,1.513918322898327
1.125811245585611,1.3677938212344884,1.539877665588302
1.1247440101561286,1.5532319900104155,1.7469883771470986
0.9482466869714556,1.2633612539629175,1.1979781235184404
1.0800427991623094,1.197124973028259,1.292946206816545
1.1505604652586898,1.4072196788940539,1.6190913284695265
1.1239584932365816,0.994968376024316,1.1183031567343387
1.1177473911308329,1.323497535867056,1.4793359178834877
1.1930300536768168,1.2263250899329634,1.4630426878679503
1.1762543631006135,1.600844955844311,1.8830008639594797
1.1172146658832671,1.409766249434839,1.5750115293358502
0.9352910703062541,1.1495684752342024,1.0751811295921256
1.065338315555422,1.2771661597764472,1.360614045340627
1.1644564589334652,1.3004538931400456,1.5143219354120965
1.1704891879194783,1.2886241486323637,1.5083206332661245
1.1488285815950616,1.409982988895662,1.619828757206169
1.1526244792963038,1.1081990580786294,1.2773373622745348
1.1529090652850569,2.1506300903164086,2.479480927200608
1.148552692703592,1.2514856472489817,1.4373972100277157
1.0695968379586778,1.2957392920545034,1.3859186496003126
1.0448259270784097,1.4641973287669798,1.5298313314546907
1.0294254592874055,0.9660363501518826,0.9944624134434307
1.0588446810198007,1.6009784017476947,1.6951874651181282
1.0317033438784422,1.4300272046720834,1.4753638488973297
1.0908732606841816,1.1585228993583645,1.2638016528003508
1.0817599473107877,1.1587262939945817,1.253463694739203
1.119590982024781,1.2845823691002456,1.4382068361126636
1.0516899534344526,1.0393400852602999,1.0930635258699648
1.1721044382104542,1.2592274223259525,1.475946050424559
1.072213432386019,1.71952930154489,1.8437024144977805
1.1764043956853751,1.4082632001209856,1.6566870189042808
1.1714108028090786,1.403284670280689,1.643822822183175
1.0313531859686011,1.2214747679088438,1.2597718934630435
1.0939279319715511,1.3908213793005615,1.5214583552000835
1.2398982680182564,1.3619425541836219,1.688670214072633
1.1364419105327022,1.5303325417814961,1.7391340375325297
1.2080645331241895,1.6235058723657727,1.9612998637239372
0.9881092601980183,1.575937952254746,1.557198884120417
1.1922623416227827,1.2661774467061597,1.509615687519842
1.1021073284427507,1.1600655252230803,1.2785167168221454
1.0941825804225311,1.2186052039589594,1.3333765865841392
1.0846010816746712,1.3864507989785362,1.5037460362608326
1.1508930791296987,1.40110497745086,1.6125220216823675
1.2626456727292705,1.4235369266386648,1.797422740390635
1.1544359889967173,1.6620777020100985,1.9187623157094191
1.0950379860669,1.3041281322620324,1.4280698435254038
1.004496062386839,1.3653735310714055,1.3715123356484415
1.0964682988886294,1.5839249419737331,1.7367234866932102
1.1091245310228077,1.518338113623433,1.6840260482066447
1.2110071814060082,1.1905734875427332,1.4417930434058466
1.1494814985023492,1.2334439863062907,1.417821041698066
1.1125892548301686,1.193540276664584,1.3279200870240429
1.1580165528107045,1.5049523111904386,1.7427596875492541
1.1337704874948116,0.9298558236012509,1.0542430904242797
1.0129917440435485,1.425772677495649,1.4442959511859572
1.1936950407757703,1.3810167140319531,1.6485128027683926
1.2584146642617084,1.6203379951128558,2.0390570941104342
1.109735514701137,1.3824903621101983,1.5341986535657224
1.1233752150764946,1.19497831207022,1.34240901833363
1.0150370342084802,1.5729842949491557,1.5966373136017082
1.0490404581585824,1.5190552093849343,1.593550372821353
1.2235431732384854,1.27926442075897,1.5652352487865233
1.0438132113392855,1.2708989599766092,1.3265811247009425
1.211071172349628,1.3618793738371353,1.6493328498717164
1.1631623437008394,1.179795923395705,1.3722941913456441
1.1660202029444082,1.459625517408607,1.7019528420316206
1.217116815380376,1.0466703425838846,1.2739200741187848
1.2170726784225876,1.1733838636546345,1.4280934417559903
0.9671429165507739,1.399940559522516,1.3539425957343285
1.14548664096651,1.3299777026726365,1.5234716911948343
1.1549685522861868,1.4199986628056511,1.640053799828964
1.0149743141737908,0.9522389027993043,0.966498027298327
1.1006191111546286,1.1809597496362225,1.2997868699540118
1.0713170874503894,1.2094150254402463,1.2956669825733835
1.1753735854607674,1.2445359922051502,1.462794731393141
1.1585849860352915,1.5342752405774998,1.777588258178776
1.0245723941818003,1.2075228043287314,1.23719453066021
1.148313231713589,1.361936321020515,1.5639294981791834
1.0471313620238247,1.6499878207882932,1.727753994104768
1.132646530344695,1.2980742150347775,1.4702592557890541
1.170015107270485,1.2903264724221901,1.5097014660449952
1.1054054585951738,1.6822516396463705,1.8595701451957791
1.0930366948876764,1.369415132805433,1.496820990690819
1.3698898559319996,1.3700071885780887,1.8767589501870419
1.1394273618877802,1.469349984466169,1.6742175764901377
1.0960286859690644,1.6532280785784632,1.8119853985715142
1.0358718476013036,1.4324761502660137,1.483861716420858
1.0112321295344162,1.6336148752738378,1.6519638491622626
1.0928665752480724,1.7189219161147002,1.8785523075831267
1.2003561028412668,1.5452111863422655,1.8548036777045325
1.1541688624886621,1.5029760106182068,1.734688112522963
0.9638235074177887,1.9189029890617215,1.849483809311947
1.1805385758991687,1.5693310648574723,1.8526558604211663
1.1982956504007254,1.3818418758516424,1.6558551093746023
1.0918489895966814,1.348343188539104,1.4721871480359885
1.096736193476716,1.4624776501101309,1.603952171026557
0.9567004412499679,1.3532953359176543,1.2946982450139435
1.1069523254631057,1.7808542077810896,1.971320706614034
1.069533459307705,1.1282568047099684,1.2067084033289102
1.2336622179201429,1.317394438127784,1.6252197444163823
1.197013424487479,1.484414496109075,1.7768640793463795
0.9597816819490258,1.0920461407375441,1.0481258817230226
1.0353499717469459,1.2240148579986045,1.2672837486466972
1.0974749278320293,1.3384649547555783,1.4689317296260784
1.120624561128863,1.3328217587500795,1.4935927984623072
1.1441291354226732,1.380733945418102,1.5797379352199494
1.038516863757215,1.4029185053159827,1.4569545262477142
1.1977816421778094,1.150360524127267,1.3778807176856833
1.1905132387044561,1.4323552588181496,1.7052378981509548
1.3302557980082172,1.4689908699873253,1.9541336220217747
1.2080786944255255,1.5637872658762473,1.889178078519039
1.1952707382816803,1.335840980457836,1.5966916349387612
1.1603066007568614,1.3105526039049114,1.5206428369499612
1.2470330817434683,1.5015373610319203,1.8724667626805904
1.0919583046018837,1.3979963786728138,1.526553755495139
1.3167011968247824,1.3639862477950984,1.7959623249243504
1.1589159389772719,1.4730667390193464,1.7071605230267937
1.137005976041151,1.2041603065391182,1.3691374646465218
1.150853420364432,1.226300473788106,1.4112920946535656
0.9535350943669194,1.1239705611259498,1.071745375068872
1.0826644331899224,1.3943194114092914,1.5095800352391469
1.3067232791325085,1.5198857519307667,1.98607009366975
1.2482805940767412,1.190231287005909,1.4857426180324604
1.2691854591522194,1.135463747639338,1.4411140778983331
1.1356417247352324,1.468798944817981,1.6680293669823814
1.1295527195067396,1.45531015289918,1.6438495409330378
1.1456262421870702,1.1532023881117215,1.3211389183735867
1.1433140119546412,1.4308527458401932,1.6359139933628657
1.0205050212862516,1.1991665893724939,1.2237555258133386
1.0557662636940968,1.215955032662935,1.2837643016545799
1.1280792024432043,1.314960163322799,1.4833792122857685
1.1695408640551193,1.6407379873883434,1.9189101234582204
1.0902380315076117,1.3339439530576835,1.454316429523091
0.9948615159535006,1.2905996870652319,1.28396796116283
0.9516918184032985,1.7661601022123106,1.6808401192657894
1.1440642713726745,1.0753308646662847,1.230247622168981
1.108024133815135,1.367355018090163,1.5150623595371315
1.023129316826492,1.6828062364934773,1.7217283950949316
0.989668656455969,1.5783619468275625,1.5620553473180614
1.1791896126134305,1.1025332467831404,1.300095752167639
1.0801078266424933,1.2561511161977268,1.3567786520508687
0.9607128822332796,1.2289211295689322,1.1806403604255462
1.190013199466647,1.3107625187401173,1.5598246986668878
1.035831836034512,1.1964038298672657,1.2392731757301316
1.0891368265928374,1.335563319581889,1.4546111956032142
1.1874277213639557,1.6653639571702397,1.9774993289043181
1.2211775316420554,1.5089750494287428,1.8427264261708405
1.1716474166421549,1.5956702378981196,1.8695629120461046
1.020364922489954,1.4648430291676418,1.49467444391659
1.0714516266459535,1.6916502486011007,1.8125214105796812
1.0093710741788493,1.3314319952874698,1.343908943279402
1.1171010076217902,1.686431173067542,1.883913962718549
0.9852607778913657,1.437833731077964,1.4166411803603196
1.1781441778370247,1.215500258253788,1.4320345524211002
1.0466437769704204,1.0587030263842065,1.1080849342247807
1.111046947985006,1.1256115187549562,1.2506072425294614
1.1233754340096258,1.2907219375240697,1.449965316751847
1.1455738776687172,1.5190646458089658,1.7402007767288334
1.1271630042795096,1.4534416765118494,1.6382656866421432
1.0631651507639581,1.4431700937110978,1.5343281502583948
1.0534044528350714,1.0904585058241805,1.1486938456670703
1.2052901512985947,1.5231853978234744,1.8358803585984658
1.1222591655703833,1.5856923521291368,1.7795577759517835
0.928215988559492,1.3578263335723775,1.2603561125089948
1.1097490792791116,0.9521128810654942,1.0566063931322145
1.140251955554136,1.24352786299491,1.4179350775660018
1.135189486604112,1.5981325670885904,1.8141832883586084
1.1879619593440625,1.4020134424847324,1.6655386361608764
1.2142142127504076,1.577355740915982,1.9152477591836348
0.9616601769797747,1.6728905043263222,1.6087521784582357
1.096886016319843,1.559358464499986,1.7104384941400173
1.1158411589506865,1.0794769477137123,1.2045248083974183
1.094819489081051,1.2873685778529664,1.409436208663984
1.012657523295548,1.4419283917510977,1.4601796339601991
1.1470802486086649,1.8314369958849623,2.100805204550829
1.0289645976711739,1.652165427392832,1.7000197342834882
1.1431191974461679,1.1991056557774868,1.3707206948855217
1.0450377078273347,1.4474070230038105,1.5125949176130886
1.1604250824957136,1.2542800430700523,1.4554980224522929
1.0353820408258068,1.084489712563359,1.1228611718484431
1.051634995829109,1.419002246531758,1.4922724216129215
1.2017728147837465,1.3406650237914086,1.61117477932392
1.1073694662653266,1.273117524926057,1.409811474070401
1.1981513817450753,1.6617923010479174,1.9910787416738904
1.0988956757445698,1.6878489498446199,1.854769912294266
1.156957877004884,1.1445136999223566,1.3241541404651744
1.037731326656979,1.2646908046502583,1.3124092665205949
0.9749922255449223,1.4734680117237096,1.4366198560197512
1.059131537045283,1.4695721707559093,1.5564702320116792
1.1247607845176026,1.0974587668478746,1.2343785835755363
1.0314769081161652,1.12576733621056,1.1612030112126397
1.163576722956201,1.460051211370026,1.6988816038741665
1.1757064905807744,1.1495649702297066,1.3515509968433608
1.0645566230461987,1.5138062208536098,1.611532438418247
1.2492085150076755,1.3356857084893208,1.6685499604189193
1.0306272945253898,1.752541463100446,1.8062170666587807
1.1169129229605668,1.0605505286705232,1.1845425909247682
1.1563089692139426,1.6853784414642285,1.948818208384903
1.1081640542890372,1.0707998823729912,1.186621938982678
1.0177373814513277,1.2675609512692472,1.2900441633747177
1.1812068867125738,1.5554054172515248,1.8372555904875454
1.1800085838509493,1.6033848414884961,1.8920078761729193
1.0276816556843196,1.302004687582019,1.3380463330430348
1.0777641566421663,1.2358241680509674,1.3319269922374577
1.1251029238579324,1.5385266581837531,1.7310008415559144
1.0906431373035566,1.228689505869447,1.3400617774534103
1.07167589823438,1.5110408116905476,1.619346019137274
1.0979353661269204,1.3880921554666985,1.5240354689302356
1.0366959980267454,1.2672572041830679,1.3137604720471485
1.0525658924185834,1.500049654811148,1.578901103588484
1.1058365629709357,1.5910472292961784,1.7594381995693158
1.095469591245094,1.5738346487928936,1.7240879994005172
1.069317546207456,1.2795256970790372,1.3682192787099405
1.1009170189498134,1.4395793406122124,1.5848573962085348
1.1659926279346968,1.8895798791774325,2.2032362090146216
1.178657279847629,1.4294058771511753,1.6847796429612185
1.1883141543092761,1.4809797926095523,1.7598692498039472
1.1813938154278274,1.1771470917968325,1.390674294097631
1.1229337139662292,1.1367631442242034,1.276509659443613
1.2927077491815822,1.26161835647691,1.630903825927433
1.153121468467478,1.4637002898108638,1.6878242275829765
1.1374658701617095,1.207069460418522,1.3730003141405793
1.1347970419955389,1.2395673364593596,1.40665734676837
1.227819266623533,1.1713501784884004,1.4382063171109722
1.07996524688043,1.0495200303371524,1.1334451586690188
1.2309935840295578,1.5093938107197724,1.8580540967699648
1.1815800124771034,1.1657177524488898,1.37738879648334
1.2715138655518248,1.0901607328182692,1.3861544874585676
1.169172735291653,1.1284733514886238,1.3193802750636934
0.9014237297643369,1.2297334394284412,1.1085109035855119
0.9891112343093378,1.315649728405724,1.3013239267821308
1.1178496812504106,1.448164363434755,1.6188300720637445
1.2143299434872354,1.6487051436494489,2.0020720239149496
1.1024302112203903,1.3454725832086836,1.4832896240979931
1.1027022726688185,1.3893265889138133,1.5320135870744793
1.2329915362301458,1.3448421756915236,1.6581790201929834
1.0436495960831877,1.6158595541760383,1.6863911710429822
1.0396629754934656,1.2361936048539781,1.2852247215084807
1.205806619720124,1.75939431387782,2.121489310371821
1.1414632198827848,1.4015795660834225,1.5998515244234999
1.1658492650899484,1.2068664015502497,1.407024307309109
1.1170519593256618,1.481289449411353,1.6546772817933828
1.057777951771207,1.426219936442677,1.508624003145596
1.2318766533653926,1.3842508596160497,1.705226316361987
1.2174677855800615,1.3066277736250438,1.590777222132688
1.217829566923731,1.307432658429302,1.5922301481968988
1.1784092561811628,1.3767022872519359,1.622318718303459
1.0395115876420578,1.625172401320247,1.6893855430884657
1.2075798627234386,1.2631340554016868,1.5253352492232695
0.9523991252404922,1.4430270937464753,1.3743377417824727
1.1629918441808145,1.3349766980072788,1.5525670119538992
1.2689758511060363,1.1156074488460024,1.4156789118995896
1.0796389798332793,1.3437658870574014,1.4507820314374142
1.1179890936556083,1.4673571394794394,1.6404892784357044
1.121105138840109,1.249603713925274,1.40093714519531
1.107166940761437,1.5631047835446035,1.7306179412866467
1.1243563170680404,1.1504265549187171,1.2934893643456824
1.1095313208859363,1.013429195046474,1.1244314334042853
1.0732084016162258,1.404713468522919,1.5075502962822664
1.176100605327697,1.4440457183120277,1.6983430434276447
1.1482984286978146,1.153374952346026,1.3244186454783586
1.1725030992763807,1.4654319716363817,1.7182235285223548
1.2650193665868963,1.1213018681235616,1.4184685789663716
1.1389166653073992,1.3469639148714074,1.5340796502147431
1.0947067362888037,1.86291129176917,2.0393415402081874
1.1339990966010929,1.201509973636088,1.3625112246605267
1.154774826076825,1.4275712200437185,1.648523307338266
1.077976345356433,1.447191483908699,1.5600381868548527
1.156688061764848,1.3996680357227003,1.6189793073543024
1.0745655952201083,1.2512048272424987,1.3445016599281086
1.1531555682452193,1.6218672962914888,1.8702653036733492
1.070994426840658,1.6196430295271453,1.734628658094892
1.1827497790487957,1.713965967572024,2.027192869442967
1.0872984843598803,1.4775125884475824,1.6064971980416998
1.0472464745475007,1.539214780325881,1.611937252267685
1.047208917316204,1.453812786952704,1.5224457146051944
0.9293566832867431,1.3338946162973992,1.2396638764561938
0.9178251018776524,1.1167142056162305,1.0249483295379385
1.1114622545115043,1.3507906525342148,1.5013528240387444
1.2595637845146284,1.3165530125230687,1.6582824949676913
1.064549864404107,0.9844952460879072,1.0480442807293693
1.150370802746051,1.4737921222101233,1.6954074267076658
1.0699931144624286,1.372887502530666,1.4689801746393325
1.0587824770327754,1.1837095032152567,1.2532908799014855
1.192580200435602,1.8099575218747412,2.1585195042173044
1.038321432316996,1.6539699443595315,1.7173524416366512
1.3349691010855629,1.6171551323900968,2.158852133402712
1.3244034554804036,1.2975148716991491,1.7184331796155659
0.9788283287994405,1.3360674879258654,1.3077807063697415
1.1608450186100074,1.1151436545270457,1.2945089563922803
1.2170337191624199,1.2286532697067991,1.4953124583923334
1.140906016499718,1.2485000352365108,1.424421201801445
1.2637352245157147,1.2169774815151655,1.5379373108331367
1.0506304857734776,1.3559794375544596,1.4246333351766889
1.149607251443685,1.7554767987079591,2.018108857535816
1.1485535563733371,1.3718945765315622,1.575694394844619
1.0060939722780826,1.430032687955845,1.4387472675129998
1.023687779763809,1.4448645822973216,1.4790902163113087
1.051597287815186,1.2320961442961007,1.2956689636693277
1.031218613906723,1.458950351745491,1.504496759485711
1.2237463184293553,1.3944256551273235,1.7064232617855042
1.1884811119611198,1.1296502846122707,1.3425680263831867
1.115766873321581,1.331787450567931,1.4859643196491001
1.0486991431572976,1.4503531366460853,1.520984091676249
1.0733452517862512,1.5703435895884361,1.6855208355577254
0.970248324768719,1.9582443784891663,1.899983327716875
1.0147846002152305,1.3728605621998684,1.39315775676325
1.064806530757535,1.445096777174443,1.5387484859120133
1.0456043282009366,1.4058198923897889,1.4699313641537382
1.249857408282096,1.76918006707252,2.2112228134156044
1.0479743202454297,1.2181754058025913,1.2766165428356713
1.3153199776474491,1.2929065095838772,1.7005857612861066
1.1126413936355417,1.2660620290249183,1.4086730204033266
1.1204953366251442,1.5677032439892913,1.7566041741021117
1.080582389708506,1.4597883806339524,1.5774216168141466
0.9980983359288826,1.5355827755094953,1.5326626129170822
1.1440881895031492,1.354784461991606,1.5499929022869747
1.1823236371607964,1.4459695403507562,1.7096039661712308
1.1580839018882383,1.7307897034774238,2.004399693151122
1.1258081531109485,1.3530999894723241,1.5233310001222813
0.9582820173880064,1.3533826731869516,1.296922278359565
1.0617961144389676,1.1917892895406927,1.2654372368642854
1.143058290781514,1.2489854603175667,1.4276631854815605
1.0679472931098468,1.0799062741487395,1.1532829822894866
1.059764060569476,1.5420004951487538,1.6341567061389861
1.1150799468487353,1.2858813210398208,1.433860475118865
1.1688369069326754,1.3800369893809665,1.6130381661207303
1.1824359837486917,1.6338758009204444,1.9319535399845473
1.167981793315601,1.3978747172277883,1.6326922190582507
1.1332465478315246,1.0941876820105951,1.2399844133182847
1.1795153844503403,1.2485336290191416,1.4726646234316914
1.2026561368151567,1.4244930172860402,1.7131752690893953
1.1771985876760147,1.3012478703940222,1.5318271552442646
1.0613422794010088,1.2090146866119214,1.283178403317993
1.1545968945752223,1.0968806025004525,1.2664549373668212
1.1188697541032826,1.3775945025214071,1.5413488222901606
1.0587415998917142,1.2762037099761183,1.3511699576878566
1.1253120250013906,1.0860442195274274,1.2221386199174642
1.0623347039496236,1.3217214961157064,1.4041106142799327
1.0598254142563983,1.2262241645276237,1.2995835331416945
1.129727838873735,1.5340809527006993,1.733093959351922
1.162132793148488,1.2412399580367968,1.4424856594008144
1.1319047710303136,1.4445149567571305,1.6350533713780433
1.08666129356297,1.4717243273196112,1.5992658612932207
1.068991063830841,1.7987048362450282,1.9227993964152514
1.3001102770229676,1.458802533830445,1.8966041663801068
1.0640830151805116,1.6407848004303245,1.745931237704254
1.1422262130234606,1.360491114525328,1.5539886135963328
0.9904548632336764,1.9278694356431632,1.9094676582123342
1.1691246086685203,1.333626519681597,1.5591755829327079
1.2104987891161612,1.1659789609322446,1.411416120343402
1.0928815176556672,1.5142235342694061,1.654866914202277
1.1958419896665264,1.4083389744296975,1.6841508813069248
1.0843067797433135,1.1726378438141203,1.2714991642312314
1.1529463992003872,1.4756935166469654,1.7013955263414753
1.1763873486795702,1.4988056274242978,1.7631759782316891
1.1768951949605995,1.5103410554224845,1.7775131308784426
1.1056657357010902,1.2261828843095517,1.3557484008842051
1.1346536592458223,1.1656819093866717,1.3226452440022443
1.1502908034322537,1.1092710787380344,1.2759843203857362
1.1373458178676086,1.3315065672301054,1.514383425702416
1.2106810730799351,1.205105353405164,1.4589982424349384
1.0148086187659213,1.6877091656201553,1.7127018072415754
1.1545607404955747,1.6390180989822276,1.8923459500465698
1.0231002000963927,1.7102156622011346,1.7497219862059659
1.0821776406356105,1.108597963383225,1.1996999284275014
1.1015300859523567,1.4641629785034347,1.6128195715591471
1.0865270135357548,1.7501964739545621,1.9016357479466588
1.1017238693419809,1.171152533305792,1.2902867005833203
1.2881497647740312,1.8177675365119104,2.3415568245716876
1.1112609479062312,1.645570050910593,1.8286577346210107
1.0084749687627912,1.526722476816138,1.539661402116606
1.0869353273873248,1.426874399927541,1.5509201930258345
1.0163652862764032,1.5653517546057187,1.5909691841931115
1.2082556453350661,1.3299177860593703,1.606880672837747
1.122989619593943,1.5370935397307772,1.726140089462573
0.9943777242066099,1.5142045408714908,1.5056912653351076
1.075911628843603,1.16759184452786,1.2562256432704766
1.079671860845799,1.6033570369128014,1.7310994756438507
1.2007763641575226,1.525362809214019,1.8316196080691147
1.0664158089818168,1.0176330521840653,1.0852199745915054
1.1563886881854284,1.0401183995231245,1.2027811515820734
1.1798508458918702,1.2262832647526323,1.4468313472214371
1.152556478813446,1.839053444357512,2.1196129621784334
1.0348512197698694,1.1867615208357971,1.22812160741287
1.1318443888741971,1.3534325000297718,1.5318749808786738
1.150787525433966,1.4664385607657355,1.6875592025445472
1.231057829303327,1.3201386520444547,1.6251670233652664
1.087162979455999,1.512316902143233,1.6441349492157036
1.186310123093867,1.2798905398422245,1.5183471038669052
1.1161151546848305,1.3726940686128315,1.5320846527247596
1.2179322378372053,1.7846805319701928,2.1736199541269507
1.2021960031777312,1.5151212815244697,1.8214727489782396
1.175980547640677,1.288435197255276,1.5151747288677835
1.1294572765661357,1.6503507339917902,1.8640006453932905
1.117359302016894,1.3865674126719931,1.5492939964225487
1.0796804201038686,1.5390170992849732,1.6616466283030369
1.092343470854745,1.3387098523135175,1.4623309665435906
1.2676939913346918,1.2327531535337228,1.5627537655335935
1.0738823978070093,1.1715892347476027,1.2581490566556348
1.23422780577083,1.2270591566352864,1.5144705304449748
1.1583083435966213,1.3844868603797678,1.6036626819777755
1.1368686225809304,1.6758623840465938,1.905235360186245
1.138388731534317,1.5345536129380364,1.7469185409039345
1.2429828535390814,1.4533779024273557,1.806523812429799
1.1526830663977115,1.8143191941293348,2.0913350121132264
1.2279137531065787,1.4485145172246106,1.7786508972746353
1.2254977550001833,1.1420450791965278,1.3995736806643513
1.0041082496341578,1.0692553706847325,1.0736481386701695
1.1030653294474166,1.5083133926817371,1.6637682094084312
1.0511107448836157,1.4266617445818703,1.4995794890444083
1.083226131947813,1.5958389795456207,1.7286544850247478
1.005251626825258,1.3903091256540785,1.3976105103537644
1.1730413028011017,1.3582443719674997,1.5932767476150198
1.2254415922805701,1.5848304613087125,1.9421171640008992
1.1832436575583811,1.3161240451812324,1.5572954290207737
1.0151571215784638,1.3820046850802583,1.4029518981140265
1.0302455463047768,1.23498657203281,1.272339415583006
1.0975652275885173,1.1859216126515664,1.3016263246920579
0.9694183585414858,1.5458786253414618,1.4986031194828884
1.2452282928724243,1.102594256862657,1.3729815642040255
1.0289454967118434,1.1259070475276387,1.1584969862696912
1.0436227030340515,1.421968092262876,1.483998184075556
1.0376117744762607,1.4114921720412568,1.4645808972910799
1.1088578197835701,1.494795518475582,1.6575156996390854
1.2852080368331185,1.6440091764181768,2.112893806160037
0.9706414030060179,1.140834455696378,1.107341156674739
1.156492944122635,1.2334960700818023,1.4265295016526036
1.0926353169451688,1.5511735634015411,1.6948670180842098
1.0864653737874428,1.2709456575898286,1.3808384489368604
1.16284034857392,1.112965018640246,1.294200630226203
1.2118197100217356,1.0772421215477348,1.305423235357175
1.1114715733067528,1.6988819234530457,1.888258964322759
1.150060282836867,1.3598716345817072,1.5639343566888708
1.1827627105900602,1.3480189682476036,1.5943865688113519
1.1394366188014753,1.566209192786501,1.7845961069644385
1.1994745400579176,1.335777449570605,1.6022310419434396
1.0773391272487578,1.971327321822859,2.1237880564142704
1.0804162819225807,1.59167763983982,1.719674437655047
1.1502691413666575,1.5046244325628786,1.7307230541233964
1.196427302113442,1.2894476792111476,1.5427304080550321
1.1235654051910595,1.2526020933398674,1.4073803785465775
1.1092661417447511,1.4970710444656863,1.6606502214122367
1.1130793231523872,1.4360017411887775,1.5983838461280542
1.074180796188988,1.3442383140274645,1.4439549824297646
1.1182984500145356,1.324092137266862,1.4807301847819654
0.9905538463637735,1.3293902319583393,1.3168326075847618
1.1707967635625964,1.5388334621538573,1.8016612371515612
0.9256270306533275,1.2101608315793233,1.1201575771477306
1.2176868615739462,1.4125056544203902,1.7199895772866183
1.109910880802791,1.788213783297744,1.9847579352836906
1.0659587053159525,1.6548734618900633,1.7640267728980603
1.258287285508962,1.4281275671951041,1.7969947598864453
1.1114215804917786,1.3898403653989893,1.5446985755430156
1.071449810751934,1.3964878410725345,1.496266633034544
1.2243042590343411,0.825632085396367,1.0108248785461769
1.025166614660996,1.598643047817092,1.638875481381985
0.945305529929993,1.4794610968619288,1.3985427561798744
0.9668314168344696,1.6591057310777388,1.6040755446560788
1.1947276964429348,1.2202714490677866,1.4578920973798388
1.1895252542473824,1.404963773540156,1.6712398899287157
1.0893766569293148,1.1394376786756786,1.2412768091750095
1.1506906981990235,1.1161132050326676,1.28430108316819
1.0423886479494748,1.3046924243463123,1.3599965722042748
0.9495922185702864,1.0950079066690939,1.03981098744591
1.2182202608957848,1.8432002569244756,2.2454238978737124
1.1880387179086935,1.6679329399799823,1.9815689115714963
1.2112970080921093,1.382086747631754,1.6741175423300976
1.0733614709045876,1.3578059926091395,1.4574166374300097
0.9796433867209026,1.1391408816775683,1.115951831278848
0.9942758922940653,1.4938045622607194,1.4852538640547226
1.2405732385673567,1.376797080984598,1.708017613607146
1.1600216837203878,1.2058642167188458,1.3988286390163622
1.0632799931293944,1.2020427577048802,1.2781080151536832
1.268124458460739,1.7467827493312156,2.215137928044209
1.0487469734615529,1.7926927596440776,1.8800811060231655
1.2143182468380636,1.6919916370320565,2.0546163183454316
1.074103901792527,1.1728361843239334,1.259747921745796
1.175287319505572,1.4654116417288272,1.722279720379733
1.1546042082362864,1.8713545194338392,2.1606738032403046
1.0601793743086898,1.2322166434045714,1.3063706700174125
0.9303807404516246,1.3745193270581884,1.278826309273466
1.1951316842096884,1.0528941421738789,1.258347149430783
1.079574529945137,1.3635944729508824,1.4721018621717357
1.0813232001749422,1.3569064351673592,1.4672544088131416
1.256639332200257,1.2487447508831806,1.569221769838416
1.1799728350192105,1.4604438834534683,1.7232841095450544
1.2832221973236315,1.1953417862019493,1.53388911344282
1.1913639105633227,1.414072728035955,1.684675215093861
1.0481419411504884,1.3014413856384952,1.3640953002367138
1.1677193806014434,1.3660566544510429,1.595170830402052
1.0155391813723365,1.7083342669116142,1.7348803829297312
1.1950582807615258,1.4990343854511532,1.7914334554796654
1.0279455273878035,1.3397331249368203,1.3771726736720897
1.1615026919486329,1.4949095700584927,1.7363414898427127
1.201992332926073,1.5499133293572909,1.8629839385873872
1.10188330032951,1.0306516830069081,1.1356578779618158
1.3260673070089863,1.516118843634969,2.010475632084602
1.1176301477924875,1.1495007342882073,1.2847166755501018
1.0235469268441733,1.122862822630441,1.1493027913709617
1.069833205635799,1.3911416087493935,1.4882894867817063
1.1101362738327807,1.585754077229586,1.7604031225107921
1.094637357689673,1.4090465637534804,1.5423950074088233
1.1015375283144677,1.2871699774983159,1.417866035534084
1.074088863033775,1.130065393482082,1.213790653638985
1.1564526680451455,1.2863741465242169,1.4876308138522276
1.182610798622177,1.3464410649903917,1.5923157431659816
1.2164032221261865,1.3209358081266225,1.6067905732270815
1.0933595673726524,1.6345999998787109,1.7872055486947247
1.1081088343648984,1.035802584118752,1.1477819941199798
1.2321172590122649,1.0681423161578023,1.3160765828193635
1.237436649921535,1.3022835617864787,1.6114934079449446
1.199437545261715,1.2013753025542013,1.4409746438336613
1.2137690934540377,1.8057415513071746,2.191753285742397
1.118129138776481,1.361415166145972,1.5222379672400352
1.1445783402878051,1.4367142111868223,1.6444319673081162
1.0252451583728541,1.4203377349031312,1.4561943859637017
1.0576568103322148,1.2806349817036335,1.3544723099485194
1.1596501665289587,1.1388313565480397,1.320645972269334
1.141822155598047,1.3562236651123927,1.5485662287717161
1.0574241438885996,1.3204403458920853,1.3962655023109045
0.9701124767812471,1.3240301190533597,1.2844581381278244
1.2982458119398006,1.490902934901599,1.935558491244758
1.0824470297364928,1.5844185295040727,1.715049131121145
1.1004814628428805,1.2834515739575918,1.412414665596848
1.1130301341049287,1.4140299995675332,1.5738580000470437
1.0776109760670773,1.0505030526433146,1.1320336199204066
1.046293956513433,1.6388739341348189,1.714743892772655
1.033734787153549,1.522758274026339,1.574128200286923
1.1911810529271585,1.521240100526968,1.81207238470073
1.0213958614070617,1.450218713298823,1.481247391898492
1.1823425255710436,1.6769375040307843,1.9827145237405597
1.11764859491228,1.3591536657635677,1.5190561848105262
1.1193364706507514,1.0829759156202061,1.2122144391900875
1.1173011391160357,0.9840006553636815,1.0994250531287668
1.186509682336306,1.3582468310655602,1.611573016061892
0.952477796747991,1.390580603563143,1.3244971494823141
1.136521911925121,1.7222005084334957,1.9573186145632522
1.0354269433781043,0.9635050630748967,0.9976391023889678
1.0322408055315058,1.1579020849938897,1.1952337809407028
1.2931192821234851,1.3540138877582573,1.750901466523187
0.9859318882445808,1.3853024643197855,1.365813874436677
1.154131069207271,1.570049440082374,1.8120428389905476
1.0654308638801382,1.1651067084035933,1.2413406468469848
1.0537788758561413,1.1252007232381225,1.1857127532463858
1.1974676187433446,1.6768023827626803,2.0079165563899934
1.2061246624760351,1.5081876049349805,1.8190622659527431
1.2155030620062557,1.1369971197891715,1.3820234805960314
1.1446039089943585,1.3986604212546307,1.6009121855237465
1.1660793065304613,1.3520589876649645,1.576608006724639
1.0809677407372655,1.2512346643438346,1.3525443082479056
1.0172070504680817,1.4396474019652707,1.4644194874671297
1.073165013867737,1.4941628320095652,1.6034832763342024
1.091788010840659,1.328739962617384,1.4507023607105252
1.2209518675730777,1.4868291880593396,1.8153468739232135
1.1371083174339325,1.3919062132417086,1.5827481321651156
1.0865922362089513,1.3188213954642658,1.433021089257726
1.2192312872533841,1.382230311342967,1.6852584417793315
1.2013820073322716,1.486840956485844,1.7862639728867982
1.0477519504021038,1.2800008827451599,1.341123421412656
1.2090238418196089,1.2430522739463825,1.5028798358292563
1.2314739308210232,1.7177623480421607,2.11537955095983
1.1943005033514416,1.1994942138046896,1.4325565433140823
1.0558804927512309,1.5913452834470068,1.6802704420233723
1.0884681807162429,1.7414214659871374,1.895481854943232
1.0360861161065495,0.8135207365742998,0.8428775403294055
1.1518094988897007,1.2880412188994717,1.4835781108898798
1.1958122433189167,1.2417619056289237,1.484914090038096
1.1335614261470055,1.8694063343844205,2.1190869104530496
1.0970297063376233,1.5448852693803048,1.6947850333935957
1.074601374504043,1.0628599256660214,1.1421507370259718
1.1987851282118893,1.1302842384355376,1.3549679356888236
1.139136805737237,1.295424364819402,1.4756655730145627
1.1406864047609067,1.3213294221208816,1.5072225080238748
1.214882403864521,1.4476705024886212,1.758749420067135
1.0785240300382717,1.3617653052012368,1.468696604931935
1.1429488781078498,1.700394464790493,1.9434639458730918
1.133924046515576,1.5452960085614977,1.7522483030924214
1.0873527261543054,1.0968180277534576,1.192628072572911
1.1504591103848252,1.6287629778596968,1.8738252065362055
1.1114188044900442,1.5138812533859478,1.6825560927780998
1.0237560934140946,1.2545337508097019,1.2843365717850717
0.9940315574164971,1.2319791880324118,1.22462619098457
1.0358403356241046,1.2325147620866947,1.2766885048215453
1.0270565911319922,1.2617968437107252,1.2959367650026443
1.016481209554713,1.3782137408327166,1.4009283703065656
1.1874454024384369,1.1631188358305398,1.3811401140965216
1.165025429794337,1.3355345273944235,1.555931686782865
0.9623709365881971,2.1947627881266887,2.1121759199984043
1.0648395246585882,1.5173368922481434,1.6157202950884526
1.1142189932855673,1.2745495479352424,1.4201273141929807
1.1118494763314906,1.2791690593107066,1.4222434487340545
1.0361769095219406,1.7851593513817903,1.8497408997189755
1.176258538037105,1.339319230438041,1.5753856799600303
1.117444449696099,1.410883106828438,1.5765834968954262
1.1734871336507826,1.3659103944359723,1.6028782735904792
1.2042300346704782,1.1936747234164815,1.437458953565103
0.9835276467174368,1.5009276136211371,1.4762038037180152
1.1486172592512618,1.1795196904955707,1.354816674129919
0.9129514129052277,1.2937499564339112,1.181130850672416
1.244149965154888,1.343416605180698,1.6714117225240634
1.1252796104803104,1.2865260947268535,1.4477015827469886
1.1064684954639579,1.2246374843286758,1.3550227947739162
1.0119624078910894,1.1529860369988485,1.1667785262661594
1.2894329658807444,1.432879850494926,1.84760251537443
1.1345162228551402,1.5262124638602428,1.7315127997731599
1.148871188972445,1.2890697241196551,1.48097506661773
1.26418614664083,1.34027055385955,1.6943514669398756
1.0645286134826433,1.538182446229651,1.6374392267681908
0.9997822390791332,1.3285340239785473,1.3282447211860828
1.0796319157509306,1.2084466204145579,1.3046775398809067
1.190686124835017,1.4079500252958692,1.6764265595809025
1.0995385476977266,1.2414568569356368,1.3650296695043946
1.1426841007705655,1.3109390254282527,1.4979891814365243
1.1279957417457604,1.3829315382462186,1.5599408862676487
1.03903617746572,1.4345254485562744,1.4905238385452084
0.9845055389705648,1.2348717076344573,1.215738036084163
1.0231235658079845,1.1965846538020495,1.2242539577890654
1.2581209171679495,1.2262490266310784,1.5427695500613978
1.1418662782298803,1.3573582285567507,1.5499215886668
1.0736417646293526,1.1932422520532715,1.281114717124777
1.1493014641275328,1.4627261962210212,1.6811133589345164
1.2201551410523896,1.3111175002431619,1.5997667584454516
1.1910796091142697,1.353493822817757,1.6121188934203527
1.1499509151352825,1.567335196861593,1.8023585439547267
1.0655770348748226,1.5484940609060027,1.6500397099414912
1.1328113408406528,1.316599709306617,1.4914590820500426
1.04440021590818,1.298866893794461,1.3565368643149223
1.0979289526754417,1.177881031494719,1.2932296872852658
1.088313014745159,1.1331445749539324,1.233215988510236
1.0482407650669878,1.4416202686995345,1.5111651333976768
0.9824173409224282,1.1278315017254177,1.1080012249336337
1.0890666481381794,1.0647704588829785,1.1596059946922366
1.1205365965036527,1.236961405698104,1.3860605235473273
1.1652242631703746,1.5331096413310743,1.7864165521793982
0.9211872317834526,1.2148508183310143,1.119105062368209
1.143430641412539,1.6037685483668995,1.8337980999364205
1.0336442351840258,1.2887481362890705,1.332107081679355
1.2403461401695244,1.1848915345877402,1.4696756414454482
1.0710312571961553,1.472999460737483,1.577628464282925
1.1200663243302793,1.6453065637558548,1.8428524752625026
1.1118803653493292,1.490533017776366,1.6572943963704243
1.051859563079631,1.4618290152667073,1.537638829295566
1.019665748117779,1.3319266724892886,1.358120006941815
1.0513727344129369,1.4008758424168193,1.4728426650147977
1.1378976274088237,1.5374199313450536,1.7494264922085732
1.053621341629957,1.354183548677137,1.4267966873704212
1.093597260714244,1.1624800021282449,1.2712849459625368
1.0446819845513728,1.1809250622452763,1.2336911376328485
1.2021960711195852,1.4710072779171337,1.7684391701002937
1.1242126977118008,1.7277172049918181,1.9423216199069442
1.1679439875716369,1.0975399066836953,1.2818651351311572
1.0489163872536962,1.470336875909331,1.5422604439247019
1.2387745327046205,1.0942404829402488,1.355517242920785
1.1023341741584605,1.4910532068955091,1.6436389054494853
1.0128507996888296,1.506276619218954,1.5256334783285044
0.9764922567015513,1.3009618949488888,1.270379216681367
1.0432264946690066,1.4249903213623534,1.4865876578921093
1.0354708492181819,1.5460972832469628,1.6009386668576564
1.1056761392257328,1.3828552850550981,1.5289900926876214
1.0270555888689787,1.0960938009765404,1.1257492642175977
1.122298965693987,1.3141892206572063,1.4749132030697696
1.1702836941181016,1.0394733539675296,1.2164787166184536
1.0612163136565755,1.343184994380164,1.4254098282949457
1.180164626129717,1.4555990468622273,1.7178465049349327
1.1029048502461805,1.299444382165628,1.4331635117156225
1.0835951040576786,1.160724479847343,1.2577553635224765
1.1188136905222432,1.2553951347997403,1.4045532638289664
1.131041949966296,1.1903181084624632,1.3462997144755775
1.0443278576046804,1.2050831426284447,1.2585018965766792
1.0429406756656747,1.753042242828377,1.8283190612058973
0.9854820977858756,1.5953509844273466,1.5721898348382233
1.404930066450522,1.4038034903155214,1.9722457309324601
1.1737246964064152,0.9248563090036235,1.0855266905048357
1.1178599159817684,1.2727235036502604,1.422726588858502
0.9989170222376125,1.0579901560194864,1.0568443762076924
1.1813572150646838,1.3478581836657397,1.5923019901575013
1.1815708266085982,1.2157345233727521,1.436476445718153
1.1153013113869472,1.3668845025056064,1.5244880781589976
1.0500320641832672,1.5203579302217913,1.5964245757681872
1.0206321015848423,1.1726438611874639,1.1968379684543256
1.1410033367074508,1.3932432058914477,1.5896951467671279
1.104520404578389,1.2716549479184327,1.4045688375589773
1.0169802214914656,1.6718631399572352,1.7002517463771265
1.1094197224633924,1.3674234305608697,1.51704652282278
1.0631507501696376,1.3941949059808767,1.4822393601762562
1.0231995609904474,1.4034963606417805,1.4360568600603603
1.3158081920751552,1.4631689536032912,1.9252496955412435
1.0813204145619997,1.3670995328241975,1.4782726335809773
1.0895742166188458,1.3601981349740564,1.4820368173607728
1.174227883659124,1.219697833383058,1.4322032055970069
0.9561323953588471,1.524461291420903,1.4575868261981095
1.0758784072655412,1.295994200494228,1.3943321762531082
0.9582799603983375,1.1588935956800852,1.1105445089741992
1.0693771137617292,1.0381290418374403,1.1101514384723512
1.0562940107545788,1.1237103353121511,1.1869684970132448
1.024036670571852,1.340298934283677,1.372515258234858
1.1272263318113862,1.6995012507745044,1.9157225608194077
1.0095701530092833,1.4940827570751398,1.508381357668881
1.054045438424492,1.4230355167176867,1.4999440951123175
1.1671237996098407,1.5878943777194239,1.8532693195029974
1.258459071051469,1.5993777884390237,2.0127514858993263
1.0288233483450508,1.384734648480323,1.4246473376189328
1.1080101980498296,1.3503378376395578,1.4961880949171849
1.1428263687856977,1.5449672055246424,1.7656292613827136
1.0487336292619913,1.0203657570644062,1.0700918835808142
1.0877158048157056,1.8021889240642035,1.9602693759684455
1.0160919610944925,1.5399329801378494,1.5647135217423536
0.9519332759132866,1.592650232638479,1.5160967533396053
1.0656482748475624,1.5130554506435108,1.6123849307269584
1.0691225794505772,1.2757797883993929,1.3639649781844705
0.969073201695192,1.3935176153613038,1.3504205771368276
1.1225863995478846,1.314557083400537,1.475703903254777
1.061946211272667,1.4169359960492567,1.5047098126203708
1.2684862539292443,1.312954645829414,1.665464920267151
1.1066660958364103,1.3309657372310624,1.4729346561135293
1.159258383003339,1.3607996939172045,1.577518452761897
1.0974702230094535,1.3166943130742692,1.4450328014048974
1.0763048876606907,1.6187309983990312,1.742248085384747
1.109116985024014,1.1384451978266172,1.262668905428525
1.122592974876736,1.0981857031387359,1.2328155554536135
1.0726382192124162,1.208479604407992,1.2962614108267136
1.0093687001422456,1.1041254932449693,1.1144697139105906
1.0551823387115162,1.207510660407395,1.2741439226677627
1.2491736273627825,1.7032978352518704,2.127714735340754
1.0469078500870364,1.238211143074537,1.2962929657499753
1.1748597202696256,1.6557757940943474,1.945304286278902
1.2306960220081855,1.76241705981878,2.168999664638335
1.1363416296799804,1.5800411398799876,1.795466523852639
1.1876233879230236,1.327918234956684,1.5770667530840186
1.1355054209940192,1.1741473807579812,1.3332507158966163
1.0031277409013986,1.733383051188153,1.738804624255145
1.1287999552233683,1.2753546187273728,1.4396202365133743
1.0742784871755195,1.3827193888284082,1.4854256932188414
1.1632138148119742,1.2657553397606125,1.4723440973815687
1.093316551212048,1.5344925070904345,1.677686055712843
1.050465868286882,1.3871479221039835,1.457151546435305
1.1096620875308407,1.6894462704466429,1.8747144752350149
1.0058330374316835,1.339473015950188,1.3472862121909552
0.9956846078112966,1.1439273542624322,1.138990859093404
1.0302729963611303,1.3026832632828895,1.342119388971958
1.0359578279477408,1.4281614598224315,1.4795150438763207
1.0728605685342485,1.6878999603097307,1.8108813110468331
1.0355762832537936,1.1284560669187012,1.1686023395948626
1.1505064327447627,1.4281305981204757,1.6430734399372326
1.1941824470949782,1.3639607528026632,1.6288179895233932
1.2653447395057964,1.2679417357088238,1.604383405279009
1.0375981410648585,1.3228634137818212,1.3726006190227305
1.3157845094673302,1.6860415330174663,2.218467331462932
1.0074805164190885,1.1139101104037559,1.1222427332740197
1.2100015830833357,1.0508761411613439,1.271561794429733
1.1166390955095338,1.4089614165303972,1.573301401762334
1.005185671942466,1.50387041930975,1.5116689979482691
0.9727026966194962,1.2331020012536027,1.1994416418262768
1.2747154210934488,1.4754600844139631,1.8807917228103206
1.0784310859181068,1.5255952940538609,1.6452493896380584
1.1206434899603326,1.5710971773907383,1.7606398239379848
1.1070648391981697,1.4228099845302058,1.5751429067334826
1.0972263307300842,1.4963137171621042,1.6417948095028685
1.1861455683511026,1.2555003160154137,1.4892061359050917
1.2213888031195443,1.4325370729764828,1.7496847409871215
1.213012751096004,1.5113476090283793,1.8332839210898824
1.2078947577584656,1.2272401117967582,1.4823768975502174
1.0645765048539217,1.455749101268901,1.5497562901730846
1.0312216086278072,1.437376256414765,1.4822534553434494
0.9961589563619175,1.096491758631402,1.092280085937701
0.9813354501879468,1.3032459087833805,1.2789214106015385
1.0639902538485957,1.5074543959848747,1.603916785449128
1.0757843830961589,1.7400334343132888,1.8719007946994122
1.1633098516471516,1.3294277700991706,1.5465364220096696
1.0552753227858576,1.3571626926428857,1.4321802985516447
1.0121870085771192,1.5544159713789314,1.5733596521545374
1.067873297077124,1.122867694175001,1.1990804267600463
1.1659742675178173,1.2579940595974082,1.4667887021808534
1.318799777764268,1.6437335787971228,2.1677554784213102
1.1218555585365135,1.3375796720828645,1.5005711901116086
1.1535963777423386,1.3201945975633353,1.5229717056640681
1.1207979218071975,1.361103786185303,1.5255222949203955
1.154653048870196,1.442277217236424,1.6653297861980592
0.9472242714349685,1.1436612185663835,1.0833036645249707
1.125077517848057,1.5919599846865728,1.7910783880846004
1.119134798554906,1.5791669605115144,1.767300698236617
1.2169521705590614,1.2853940551602285,1.5642630854509538
1.166909223358918,1.7300215826727572,2.0187781414308335
1.0829452120344951,1.598886783813099,1.7315067871156282
1.094141477910767,1.3886260013884748,1.5193533054245045
1.1347346231229056,1.3941547319321685,1.5819956443140648
1.1150547621971016,1.7115584656814553,1.9084814179368712
1.0949931779476512,1.541516856302677,1.6879504413427413
1.031524729712406,1.4688526234807764,1.5151578054233663
1.334433585727706,1.4488858855076494,1.9334419875082354
1.0297850451915054,1.5676564420282104,1.6143491599987754
1.1798049439710976,1.6452085167645518,1.9410251419421745
1.0406582851092883,1.3139333542947822,1.3673556312283028
1.1173089210946852,0.9719428060120465,1.0859603679510605
1.1575643933290398,1.333993958398861,1.544183907158582
1.1061485116087004,1.5616551251967004,1.7274224923824288
1.0074063236520812,1.3905056229258839,1.4008041576093115
1.2043270704678861,1.7210037913509366,2.0726514543017984
1.156833728041538,1.66331579312778,1.9241798098743772
1.0875645116118597,1.2133298854409362,1.3195745242836454
1.1361169311491968,1.5276366129370402,1.7355738206011835
1.0021457874186945,1.191578562325627,1.1941354366130517
1.0026102808411834,1.3277142434064655,1.331179950458596
1.2533002322368711,1.359138783850241,1.7034089534416457
1.058205890001608,1.4847333911485479,1.5711536195954547
0.9854808670144435,1.4907439818023933,1.4690996716831863
1.250274715645394,1.4263431596259786,1.783320788314123
1.115318988188821,1.3848455828095652,1.5445445742169224
1.1060662091598865,1.4763186633282734,1.6329061874594941
1.0416545430620545,1.344856731268882,1.4008761238938157
1.102358003334006,1.7204935760920328,1.8965998632897967
1.038199364483917,1.5161079310307852,1.5740222904851873
1.1416751596398311,1.3838217299838236,1.579874894492349
1.0395362617873172,1.5494241498021448,1.6106825886083138
1.1211280211519121,1.302344959558586,1.4600954273670848
1.1304100404340107,1.0437120436907235,1.1798225735098946
1.2707801000612433,1.3332211482822736,1.6942309042179131
1.1859470198930848,1.16458683638346,1.38113828801568
1.1902265709019952,1.449879607557562,1.7256852335239676
1.1325347332227782,1.5205698591893329,1.7220981798235884
1.1027335802442946,1.363081697252681,1.5031159601769184
1.0572134422682968,1.3694663496656942,1.4478182336006675
1.3184303176422874,1.4288594721377863,1.8838516477168126
1.12655338162564,1.1842818759571405,1.3341567521574733
1.1522283485195677,1.161315692337175,1.3381008622915216
1.0784472721055602,0.9078919150784586,0.9791135591830566
1.1029919435478186,1.6913140325061329,1.865505751863638
1.0812624328342182,1.1902740227036561,1.286998585527927
1.2461934477268672,1.30184856024144,1.6223551457055383
1.118279319259991,1.3685688645449798,1.5304422582037787
1.191034017649421,1.1488623419098418,1.3683341308110017
1.1745149669571042,1.6815224529141208,1.9749732882220576
1.253672764746908,1.2132358194801869,1.5210007040977065
1.1692407746047564,1.435165294117512,1.6780537801798225
1.0053306713385681,1.5087783925068952,1.5168211942400827
0.985350569968447,1.2676413277504408,1.2490711048144558
1.16435542188983,1.3606356734920433,1.584263523647181
1.2515656158380097,1.5087914510146294,1.8883515015602492
1.1778770051460314,1.3207786003879043,1.5557147422858717
1.123127831358404,1.2425140462095514,1.3955021061516895
1.0619948223464142,1.2902913329683583,1.3702827149308499
1.1521751734159467,1.3800897982728348,1.5901052026545823
1.155106780128775,1.4396430716807214,1.6629414730638177
1.0693276950309571,1.3883719328765125,1.4846245588285159
0.9586016651703779,1.4493944413344584,1.3893919249519013
1.3014073093718634,1.5507936558468571,2.0182141990466143
1.06289840217389,1.6191639607508002,1.7210067867395726
1.0457903062366196,1.4514387398629822,1.5179005642450012
1.2157940848899171,1.486302034398186,1.807037221781165
1.1952091109067715,1.2632324136532973,1.5098268899911724
1.024586989788675,1.285726829970114,1.3173389824096147
0.9944899701716639,1.4449679092060599,1.4370060929253459
1.0785923362286718,1.46214465452094,1.5770580188240049
1.1393533265303772,1.4445409167803425,1.645842498842924
1.0741649397516448,1.450048953276616,1.5575917465333118
1.1379897451265244,1.543646877047444,1.7566543161765762
1.1476588351770474,1.3778009680764196,1.581245454128392
1.1348404924069844,1.2837812788344705,1.4568869786153784
0.8988196638404412,1.3369079719784378,1.2016391739592653
1.1490867668461362,1.5041882350735944,1.7284427957687125
1.2010777245541264,1.4792826807761819,1.7767334761989846
1.1909419545616946,1.174877841644133,1.399211313098889
1.0897835506558105,1.2366897774405368,1.347724176718892
1.0059750447053029,1.3185967246723218,1.326475399050505
1.2394231428079787,1.2471244800078547,1.5457149424841015
0.9922103810703343,1.4914626845924284,1.479844758631637
1.1330397300547492,1.2617775030758869,1.4296440414742584
0.9480957178746826,1.3585355175022311,1.2880217067245314
1.0549993894381864,1.1769251208926494,1.241655283956209
1.0836328288466242,1.1820028984583015,1.2808571445612782
1.1460678379633413,1.4771213241319345,1.6928812423574342
1.3177757797718526,1.1508571398410572,1.5165716648600533
1.085964382737612,1.5678318556314434,1.7026095533371652
1.211057547580536,1.5977045090358746,1.9349121044713509
1.1928976585304658,1.2693910254612948,1.5142535820323655
1.187353056322623,1.3347348921433924,1.584801553566903
1.0970588404738726,1.4317534112170966,1.5707177371543397
1.002413081667891,1.5438600594258782,1.547585519833068
1.1339748688073308,1.5114930214616284,1.713995100715146
1.0763921697764955,1.7148647818027136,1.8458670233579197
1.2287643203270708,1.0291601848153322,1.2645953150022942
1.0951805796503302,1.5340240764213642,1.680033377212712
1.1310751344918168,1.4571425726130585,1.6481377312920669
1.1164766634474288,1.3695805735684634,1.529104749100134
1.0409722192736688,1.0645792740313005,1.108197449481114
1.2106212035772992,1.2154025606266279,1.4713921107767398
1.0322390134362702,1.2571845423414316,1.2977149316938483
1.1221150565683116,1.4617188846094686,1.6402167688905231
1.1154702664028917,1.3506168242582897,1.5065729087636222
1.2009294000895647,1.2281875607450707,1.4749665505230438
0.914986370528728,1.1967400355868838,1.0950008216280638
1.0869319653439875,1.350025570727314,1.467385946855278
1.0602433197855108,1.22730249739151,1.3012392742154226
1.1265046369122635,1.3777477579828414,1.5520392378631458
1.017946216956783,1.3826664681625034,1.4074801005790165
1.1215941775730855,1.5798536380989303,1.771954641909417
1.0231530043473862,1.543306717713276,1.5790389048578417
1.1355581543040627,1.2962473590730585,1.471964258590518
1.0647291127644354,1.1338518659924806,1.2072450912844734
1.1296322920457664,1.5590157511413258,1.7611145362972278
0.9713225799243628,1.743655915680065,1.693652362518738
1.1266181592597089,1.6573224635910786,1.8671695832307469
1.1374354914971334,1.5636669599477686,1.7785702971260184
1.0741056172624894,1.7477929373902281,1.8773142118625503
1.0142768976801282,1.1688944980737972,1.1855826852216618
1.0763770194742441,1.4125020959239993,1.5203847960117973
1.1496017027865768,1.4355812845164386,1.650346689168639
1.0455585717211273,1.1854356174926233,1.2394423710929399
1.044592175696707,1.278586242538937,1.3356011849096254
1.192676284155183,1.245409167583089,1.4853699782457983
1.0683274741015716,1.8147467118884706,1.938743770845942
1.1320416769416335,1.5446416733287824,1.7485987501490459
1.0219569096673857,1.3318397817180494,1.3610828674966633
1.064455575572452,1.2190023872912188,1.2975738877882672
1.0932435045136064,1.640508173625252,1.7934749049172864
1.0648325878094682,1.6042128145457797,1.7082180827098927
1.006937044282468,0.9014340710355394,0.9076873591040385
1.165349635886865,1.5027249205987807,1.7511999390579072
1.0421892916789737,1.1807978271070574,1.2306148510487753
1.0196250947806684,1.3946598958546412,1.4220302284975856
1.0312628860360769,1.7439907407090363,1.798512924483796
1.153080652988862,1.4919769293770535,1.7203697319704099
1.0832859509513966,1.2763279878933678,1.3826281780909495
1.0965457456706005,1.9768320186123136,2.167686739914758
1.096307875781718,1.1819553084576757,1.2957869134841598
1.0203564427179106,0.9749190928567268,0.9947649775250622
1.0956279280297294,1.3385690523178657,1.4665736373157416
0.9710476926998944,1.64173699959596,1.5942049254777044
1.1175375937807985,1.1829998845265817,1.3220468443967985
1.0171049685005238,1.7133604586980158,1.7426674353740883
1.1193506216316667,1.5092270191675048,1.6893542020884538
1.17194146020696,1.5277517826387481,1.7904356549794405
1.1729900870711458,1.499567451891176,1.7589777559628867
1.1519108299656482,1.3971932017575255,1.6094419806588727
1.2590306894006191,1.775510477287898,2.2354221802578045
1.0645265159908088,1.4744860510897226,1.5696294988435882
1.3086782515754591,1.0064880450013183,1.3171690149639272
1.0561147366690462,1.463656221053182,1.5457889044715925
1.0484022801393957,1.2454461947207356,1.305728630336153
1.2550995822571966,1.3607682407462511,1.7078996505094801
1.064650717811988,1.460875858314404,1.5553225311886343
1.0344497678579598,1.3932688028407867,1.4412665896623893
1.0696561627191428,1.2723740333026277,1.3610027260059674
1.1030150169462993,1.2914602829984199,1.4245000859369745
1.1545808654092775,1.3221528054502778,1.5265323303200857
1.0076666639813205,1.0842482464195529,1.0925608133971878
1.159724526064842,1.527646474008056,1.77164908306362
1.1945079038761728,1.320170086734745,1.5769536030655456
1.064502554028933,1.3275431428350988,1.4131730661315594
1.133814384565614,1.6147628782355257,1.8308413790060116
1.0352916926020264,1.2656671126951977,1.3103346473729307
1.1343112984152106,1.4787779275360975,1.677394511051225
1.0925505558833755,1.4409457545240367,1.574306085103026
1.179300733600745,1.269754206282852,1.497422066961999
1.0421007012640036,1.2249611000999796,1.276532821435314
1.036590857877509,1.4108628422478366,1.4624875239931856
1.1160841106834005,1.1179253921270331,1.2476987670824917
1.0234926206125787,1.3894554505523664,1.4220974003102727
1.0396109026599083,0.9903579138422103,1.029586884765884
1.0456815766530712,1.0949224097515131,1.144940191741742
1.0650888472765274,1.3931869369766519,1.4838678687451783
1.0833963841774275,1.3223633174136347,1.4326436366547997
1.0508769384552874,1.2707508375987728,1.3354027497552905
1.2049845658594458,1.8404078307169263,2.2176630309007597
1.1409898225204098,1.0800751974527067,1.2323548078502604
1.1148589313652255,1.6495821652940896,1.8390514099989037
1.1609185441966983,1.3824836989757123,1.6049509631905503
1.0194231583755593,1.6167626737587772,1.6481653112268868
1.0870017684382625,1.1483209441034317,1.2482268969751253
1.1044882969725751,1.4424326305426771,1.5931499596057528
1.129066141796049,1.3545766644345967,1.5294066482801314
1.1307742039008843,1.6958816860592505,1.9176592634637384
1.1540336217183442,1.2635379789140546,1.4581653099848633
0.988079959830402,1.250504405033593,1.2355983422933332
1.0587516303169777,2.0382251894624925,2.157974242296545
1.0551220121043519,1.0988830716975841,1.1594557176769658
1.143879166300225,1.2646853829359634,1.4466472614648704
1.0432532085836457,1.4152209372458844,1.4764337836365233
1.0774357356172353,1.203216954007004,1.2963889439476655
1.1343302936413977,1.4968041944616186,1.6978703414273235
1.127301096950626,1.5959277634359568,1.7990911183753135
1.1237422706849562,1.494038793572326,1.6789145463803785
1.1280414413039277,1.35780167764358,1.5316565614539548
1.2285035561540054,1.3096085585128983,1.6088587713028164
1.2653853608628234,1.2014021427239003,1.5202366839120518
1.1813247385310908,1.74887105712935,2.0659846442879215
1.120650644531316,1.7185593175286864,1.9259046068538213
1.2173047513432353,1.1639811561792321,1.4169197918909717
1.1136749249232107,1.3156818782595245,1.465241916993505
1.1933375344675754,1.2738786636645372,1.5201672237082888
0.9897058585923709,1.2362307620158512,1.223504827739199
1.026846993456865,1.291615529842707,1.3262915235211794
1.1205769851764475,1.7287277747359027,1.9371725580043468
1.193205367977809,1.455411673513316,1.7366050214536553
1.0678363484338436,1.434212054941913,1.5315037636289714
1.0861379880689528,1.9137432381342938,2.078589230347745
1.0057138916945594,1.1743956810985425,1.1811060508268978
1.1078031995941156,1.4347565908781497,1.5894279420135595
0.9912125344690388,1.1084390450402104,1.098698675138748
1.1249884929840561,1.4402473421454896,1.6202616869645465
1.136166217531453,1.3405850525137717,1.5231274483937762
1.073078106739626,1.7947316828261526,1.9258872763127106
1.1063857214560313,1.3123601675287995,1.451976550761509
1.1393145309505082,1.2700924689932058,1.447034805574767
1.0858337681544021,1.4193680732875675,1.5411977834158932
1.2015808982038465,1.0901725955638413,1.309930566574819
1.0273303632959658,1.2949956443390398,1.330388345765519
1.2243143076299396,1.17121399603001,1.4339340526359765
1.1555461153128948,1.1237491939415933,1.2985440156452048
1.2498856839145753,1.4651465288641699,1.831265671264459
1.046940750818468,1.6029939769724753,1.6782397178090451
1.0134601036275364,1.401057204750553,1.4199155799146017
1.2328489818188857,1.3728822067979267,1.692556430808089
1.16648458758134,1.543923908909547,1.8009634441413234
1.0418266189709329,1.2438636070952793,1.295890216241064
1.071499334210008,1.4013001495687893,1.5014921772913425
1.3025467927652756,1.2080661118825304,1.5735626394810067
0.9601340076920732,1.4984300881683943,1.4386936857995072
1.2031321323847668,1.1911701135044581,1.4331350386936237
1.1271487905475086,0.9814185984794178,1.1062047862969067
1.1149766148363862,1.533900776383876,1.7102634951473987
0.9976390975190771,1.2817610024935007,1.2787348897627635
1.1659693682852352,1.2858972007328586,1.4993167468182438
1.0596329527000348,1.4882046998663145,1.576950740341412
1.0272163518272923,1.475913946916001,1.5160829401620748
0.9893615420900181,1.34142922000858,1.327158481712299
1.0396392873998799,1.2288378729483231,1.277548130561979
0.9633078578567703,1.4995547862817897,1.4445329089119778
1.091334668865337,1.227172805000075,1.3392562267853036
1.15729981645468,1.0129602517890302,1.1722987134713312
1.154480234741012,1.477895843450835,1.7062015402698858
1.1843314145812585,1.4885466711439042,1.7629325847060833
1.1281000251983682,1.5278394403992548,1.7235557112134599
1.0441584763777767,1.6283775352382894,1.7002842061622119
1.1375020041269084,1.6411329868174955,1.8667920615436802
1.0764738918779009,1.722508171879452,1.854235075574562
1.085759904189052,1.4359559876357255,1.559103435555061
1.1230199269048147,1.7671188488794034,1.9845096805006677
1.1996376015808925,1.48488594194946,1.7813250100214346
1.155126574761611,1.5477306560132582,1.7878248113341362
0.9669328750876525,1.4554128880834367,1.4072865683141411
1.1973119166296158,1.3605566609994368,1.6290107034644261
1.1580062477312978,1.473441379903195,1.7062543235937244
0.8976865435633901,1.5852623755082809,1.4230687025111175
1.1879621139211025,1.4035198711847452,1.6673284331029035
1.1131136900793346,1.212735003251376,1.3499119345575128
1.1543983676417877,1.3149712968317282,1.518000718558352
0.9959791358268867,1.460536007943365,1.4546633910354836
1.0893233591381433,1.3997299281338358,1.524758507200942
0.9933245087374288,1.284679307380846,1.2761034418892194
1.1626935923366444,1.1883714250687478,1.3817118412433997
1.097223715147884,1.1336938763136264,1.243915806809243
1.1454616079659234,1.4614018856057538,1.6739797537703993
1.0835873636448339,1.0205321345978247,1.1058357252436917
1.1776065072140507,1.310592792735983,1.5433626010337291
1.1446637992461655,1.4396659113542272,1.6479334517359228
1.0825799664081976,1.37608836394243,1.4897256948115072
1.1329593822219808,1.5197279490084046,1.7217900382540399
1.0612402701571066,1.3039951048237772,1.3838521173267297
1.104047662991335,1.4128075905252457,1.5598069185758163
1.2096193027721553,1.5388578084008468,1.8614321092633195
0.9884531922578417,1.481690444860111,1.4645816501599183
1.1402016879539438,1.5513494314317438,1.7688512403248655
1.1777656913123544,1.233123148289492,1.4523301372184403
1.129643121203317,1.1853659565557482,1.3390404989317906
1.208119704766586,1.371431982772802,1.6568540021349312
1.3061448406245937,1.2699858092213745,1.6587854123809478
1.2685173169225388,1.2396485491236988,1.5725156514613126
1.035890885520107,1.3068007960402355,1.3537030338085005
1.0810561043504145,1.2526999863982569,1.3542389672155168
1.1143492417136622,1.2581095287375748,1.4019733993414496
1.0854323642491877,1.149352813775598,1.2475447420129036
1.2651601772598775,1.5906284810968425,2.012399811099091
1.0361665514460716,1.8153367934950333,1.880991265028918
1.0985421723497553,1.6658218978995125,1.8299756064663226
1.041363827995155,1.4321678540611165,1.4914077988366905
1.1095449516955482,1.0633188794837687,1.1798000947737826
1.0671198506106252,1.4418424563334655,1.5386187066066246
1.1852201347600917,1.3423408632051586,1.5909694187819958
1.1441595995352976,1.4550459971100531,1.6648048453588762
1.0039659752029806,1.450565279399907,1.4563181853283118
1.0681509792951718,1.390991977977769,1.4857894434686822
1.1740166918537218,1.362015576384995,1.599029021240752
1.1645225154174317,1.4554519181490329,1.6949065287920373
1.235233032835237,1.317657541657455,1.6276141214197608
1.0067451360316955,1.3529581548394054,1.3620840416389888
1.0771047839432415,1.1572673664343753,1.2464982166878618
1.0434740997765757,1.1901356349135894,1.2418757102534808
1.1266011615575515,1.2426739674492955,1.399997935165707
1.1020236429091803,1.4637523419261118,1.6130896881662578
1.1325203339889447,1.5939445562506145,1.805174621204806
1.125304890859302,1.2006121910959855,1.3510547706656153
1.184258719068474,1.1657469142229961,1.3805459473957513
1.096704824133457,1.3295532878555232,1.458127504733651
1.0321000761721915,1.3596655087942644,1.4033108751952619
1.1799537913512559,1.460391979556152,1.723195053136247
1.1237503410515468,1.1477901248330031,1.2898295442366845
1.1217211590648197,1.5064088515174656,1.6897706829496753
1.001543471175775,1.8114042213590147,1.8142000715623594
1.1094130399637947,1.2451546399176157,1.381390794296026
1.1140375416197188,1.5172922651882006,1.6903205450288774
1.1911438139715802,1.3067445338081014,1.5565206678866965
1.3555748125927136,1.5813706979504456,2.143666287513784
1.1111850514039185,1.579904115276711,1.7555658355470143
1.188355565820439,1.4600343418041624,1.7350399363719575
0.9501311714141211,1.9434411866583,1.8465240512541001
1.123664872954661,1.2154590811716317,1.3657686740263104
1.1991883890201656,1.4137541498426598,1.695357561420393
1.153341481585908,1.1023636327052462,1.2714017053906925
1.1730122464726138,1.4232176115455706,1.6694516877384578
1.0506656454704963,1.3512395161726916,1.419700938444822
1.143492927591511,1.0177660038438738,1.1638082273385446
1.2080982726922533,1.4650065738763878,1.7698719113828598
1.0473940340305181,1.3835689115574332,1.449141823635353
1.0670895369804778,1.224525403646315,1.306678245997779
1.0458672178930215,1.7649044268678846,1.845855682775392
1.1985801580604853,1.388025864069214,1.6636602595481205
1.0740103409658293,1.2220775207637253,1.3125238947621238
1.0751168910318718,1.7413518877278207,1.8721568277264153
1.0791246177172615,1.389509302771098,1.49945369516744
1.1770007545784824,1.1760265968048769,1.3841841918437048
1.1908027397656147,1.3083920425012985,1.5580368288980748
1.1025151069046375,1.577244627520272,1.7389360291252778
1.072164659171421,1.3903676835023178,1.4907030935052208
1.1854774784523376,1.2133780239424308,1.438432320232753
1.0676227481858394,1.1056806940336679,1.1804498611802507
1.1683277226580826,1.3249975187857599,1.5480313336505767
1.0876900319348124,1.4100170843604924,1.5336615275166952
1.1015935505354233,1.0116392330562618,1.11441525460338
1.012992451443335,1.5027612970699145,1.5222858502530185
1.1311068709058623,1.4594983581972933,1.6508486210327837
1.1244530091914782,1.340922102670996,1.5078038934397655
1.0475536954355853,1.3699673666787446,1.4351143775904767
1.0680923631740291,1.2074398572829965,1.289657290555908
1.0182849873372133,1.215900132826106,1.2381328513581473
1.1677661755747197,1.22761872264583,1.4335716208080433
1.1232193491116305,1.5737555296816934,1.7676726617099008
1.1410339732074626,1.3599133172117508,1.5517072955558646
1.0279031099731413,1.3317117090103645,1.3688706072794006
1.0529762186348397,1.5115304047541578,1.5916055699496217
1.1428317692169094,1.403078677741266,1.603482887633573
1.128937405083776,1.5468062403650584,1.7462474231651204
1.170065431458978,1.3623445361239896,1.5940322474556972
1.034694144793622,1.2856474738462782,1.3302519134574553
1.1233961783761546,1.5862800281035616,1.7820209214059601
1.0813776330524574,1.328328200671377,1.436424405558843
0.9583629955298228,1.355516861456216,1.299077199836363
1.220223953649125,1.3534363512013488,1.6514954554753556
1.0586260901722382,1.4447056842704773,1.5294031299888633
1.1038350608019896,1.0702179786581754,1.1813441275435292
1.0286120934061458,1.4747448074419598,1.5169403436227176
1.0363044453754182,1.6032184047029288,1.6614223597013313
1.0485176024025715,1.209106296850269,1.267769235423296
1.0311596396124778,1.4738135805608197,1.5197370805870702
1.1449752218134073,1.3853546756782813,1.586196777074981
1.0180684687325388,1.7687937809354561,1.8007531760605973
1.129702269406312,0.9985223563107182,1.1280329719771562
1.132085462718618,1.4514234042801961,1.6431353362351777
1.1616314508559593,1.4659188450256586,1.702857434784248
1.186380360518982,1.5266226858323084,1.8111551723941903
1.086497393352785,1.6796404868831702,1.8249250107683672
1.0047050650605458,1.3900899371624336,1.3966304007567927
1.0309794161791643,1.439183309364989,1.4837683680639142
1.0042410407854097,1.1253054071176256,1.1300778732452534
1.0253687612233968,1.2021966603102257,1.232694900329201
1.1007203144803424,1.6200751767067365,1.7832496579864354
1.1617553838990453,1.4441931497132592,1.6777991670694987
1.1684438378341726,1.2793528725557806,1.4948519803532492
1.1405081017280585,1.4996329909903536,1.7103435758431789
1.056487645699574,1.4390567166127357,1.520345642562348
1.0975698237621694,1.8498247451566152,2.030311819532446
1.0442825837658851,1.6524395087796784,1.7256137997452727
1.1278535980422575,1.4793795188554506,1.6685235132111436
1.1178262692484746,1.4751990047376977,1.6490161998650035
0.9048503544248904,1.56641068414462,1.4173672627231944
1.140660345694614,1.3030512043444957,1.4863388372053756
1.0255797001728009,1.0807367912153227,1.1083817143003258
1.0296864476199497,1.1260190431228438,1.1594465484655758
1.0600904313669615,1.701561102808499,1.8038086434735041
1.0948323568785903,1.5038819920588924,1.6464986658331064
1.1641053652626014,1.156076786057323,1.345795189304874
1.2525455619431014,1.5409538348329122,1.930114886979167
1.194821623917243,1.5795189946939974,1.8872434502484132
1.0121028679799957,1.4914464743901117,1.5094972541688851
1.3366536181334343,1.2029122199177216,1.6078769710499439
1.1401189943470122,1.5013151063609889,1.7116778692622683
1.126250883225296,1.521426248375429,1.7135076559949756
1.0966425722957442,1.767963597831585,1.938824147651268
1.182670536435884,1.413499521849034,1.6717042377570628
1.1070118830016002,1.375055578388886,1.5222028650641353
1.088082414293008,1.5598541997966329,1.697249923659808
1.0428694619783812,1.394309759343425,1.4540830685576838
